Id2,Geography,County,Total_Population,Male,Female,Women,Men,Boys,Girls,Children,Percent_Female,Percent_Male,Percent_Women,Percent_Men,Percent_Boys,Percent_Girls,P_Male_NoHealthInsurance,P_Female_NoHealthInsurance,P_NoHealthInsurance,Male_Unemployment_Rate,Female_Unemployment_Rate,IBP_Men,IBP_Children,IBP_Women,IAP_Men,IAP_Children,IAP_Women,Percent_IBP_Men,Percent_IAP_Men,Percent_IBP_Women,Percent_IAP_Women,Percent_IBP_Children,Percent_IAP_Children,Total_Median_Earnings,Male_Median_Earnings,Male_FT_Median_Earnings,Male_Other_Median_Earnings,Female Median Earnings,Female_FT_Median_Earnings,Female_Other_Median_Earnings,P_Male_Less_than_high_school_diploma,P_Male_High_school_graduate_(includes_equivalency),P_Male_Some_college_or_associates_degree,P_Male_Bachelors_degree_or_higher,P_Female_Less_than_high_school_diploma,P_Female_High_school_graduate_(includes_equivalency),P_Female_Some_college_or_associates_degree,P_Female_Bachelors_degree_or_higher,Percent of Women in Poverty
28001,"Adams County, Mississippi",Adams County,31747,15901,15846,12379,12277,3624,2810,6434,0.499133776,0.500866224,0.502068462,0.497931538,0.563257694,0.436742306,0.197214076,0.134378785,0.163603505,0.106777929,0.094750743,1876,3682,3347,8181,3360,8855,0.186536741,0.813463259,0.274299295,0.725700705,0.522862823,0.477137177,25998,29350,38059,9068,22228,30830,10234,0.238267802,0.382134445,0.246240261,0.133357492,0.146712243,0.307277143,0.318161374,0.22784924,27.43%
28003,"Alcorn County, Mississippi",Alcorn County,37309,18354,18955,14699,13695,4659,3580,8239,0.508054357,0.491945643,0.517679792,0.482320208,0.565481248,0.434518752,0.17960519,0.140147692,0.159454106,0.087539432,0.065143938,2061,2380,2864,11357,6265,11727,0.153599642,0.846400358,0.196285381,0.803714619,0.275303644,0.724696356,25045,29297,37093,9263,21804,30817,10565,0.193804939,0.364671411,0.289242361,0.152281289,0.179175476,0.335095137,0.308290547,0.17743884,19.63%
28005,"Amite County, Mississippi",Amite County,12692,6302,6390,5191,4791,1511,1126,2637,0.503466751,0.496533249,0.520036065,0.479963935,0.572999621,0.427000379,0.14114066,0.149298439,0.145252284,0.103397881,0.109341369,1012,1060,1447,3719,1645,3697,0.213908265,0.786091735,0.2812986,0.7187014,0.391866913,0.608133087,22183,31029,36650,8359,16817,23277,6155,0.240958409,0.430379747,0.233047016,0.095614828,0.227961004,0.335822443,0.290188758,0.146027795,28.13%
28007,"Attala County, Mississippi",Attala County,19085,8996,10089,7629,6596,2400,1990,4390,0.528635054,0.471364946,0.536309315,0.463690685,0.546697039,0.453302961,0.146827657,0.102589741,0.123269436,0.097636177,0.132188841,1064,1556,1954,5325,3270,5591,0.166536234,0.833463766,0.258979457,0.741020543,0.322420224,0.677579776,22028,28638,38969,9753,15995,28032,6788,0.280928285,0.308672134,0.281102774,0.129296807,0.189087215,0.288492236,0.359164127,0.163256421,25.90%
28009,"Benton County, Mississippi",Benton County,8378,4159,4219,3285,3161,998,806,1804,0.503580807,0.496419193,0.509618368,0.490381632,0.553215078,0.446784922,0.177141471,0.190715482,0.183975904,0.151762902,0.12007874,794,357,731,2329,1575,2514,0.254242715,0.745757285,0.225269646,0.774730354,0.184782609,0.815217391,30233,36406,40523,9826,20790,29518,10282,0.269399707,0.390190337,0.23682284,0.103587116,0.208805871,0.346564376,0.320213476,0.124416278,22.53%
28011,"Bolivar County, Mississippi",Bolivar County,33615,15773,17842,13712,11458,4315,3571,7886,0.530774952,0.469225048,0.544775526,0.455224474,0.547172204,0.452827796,0.214641826,0.146587941,0.17816057,0.148402508,0.140521939,2931,4324,4842,7710,4043,8152,0.275444037,0.724555963,0.372633523,0.627366477,0.51679216,0.48320784,22024,27243,38223,7823,17737,26612,6459,0.283459662,0.26227806,0.257397986,0.196864292,0.225988218,0.242892513,0.301459916,0.229659353,37.26%
28013,"Calhoun County, Mississippi",Calhoun County,14724,7018,7706,5962,5180,1838,1488,3326,0.523363217,0.476636783,0.535092443,0.464907557,0.552615755,0.447384245,0.150288184,0.143288679,0.146626357,0.076947947,0.117326057,883,1377,1531,4219,2040,4344,0.173069385,0.826930615,0.260595745,0.739404255,0.402985075,0.597014925,23225,27714,36220,11329,20430,27942,9881,0.287878788,0.351998243,0.261747914,0.098375055,0.225589226,0.333894501,0.321922933,0.118593341,26.06%
28015,"Carroll County, Mississippi",Carroll County,10301,5229,5072,4084,4155,1074,887,1961,0.492379381,0.507620619,0.495691225,0.504308775,0.547679755,0.452320245,0.127543036,0.110316041,0.118998324,0.084494382,0.093849417,401,517,841,3640,1522,3202,0.099232863,0.900767137,0.208013851,0.791986149,0.253555665,0.746444335,30491,37008,51806,3704,25072,30542,9428,0.266521027,0.338339705,0.266794102,0.128345167,0.11572536,0.379844961,0.30952381,0.194905869,20.80%
28017,"Chickasaw County, Mississippi",Chickasaw County,17357,8437,8920,6736,6256,2181,1751,3932,0.513913695,0.486086305,0.518472906,0.481527094,0.554679552,0.445320448,0.172702965,0.130946987,0.151090525,0.104381443,0.113126079,954,1880,1789,5094,2452,4855,0.157738095,0.842261905,0.269265503,0.730734497,0.433979686,0.566020314,23406,27500,32247,20050,18833,26362,6919,0.284886979,0.377358491,0.225481039,0.112273492,0.258603408,0.361176078,0.272134982,0.108085533,26.93%
28019,"Choctaw County, Mississippi",Choctaw County,8320,4037,4283,3357,3051,986,836,1822,0.514783654,0.485216346,0.523876404,0.476123596,0.541163557,0.458836443,0.146599496,0.096842601,0.120891161,0.126181212,0.139950678,499,678,816,2494,1140,2522,0.166722352,0.833277648,0.244457759,0.755542241,0.372937294,0.627062706,25613,31115,35919,9055,19624,30794,7531,0.22438487,0.412045538,0.236871098,0.126698494,0.149093351,0.314304903,0.35728677,0.179314976,24.45%
28021,"Claiborne County, Mississippi",Claiborne County,9209,4309,4900,3890,3320,989,1120,2109,0.532088175,0.467911825,0.539528433,0.460471567,0.468942627,0.531057373,0.186843947,0.13147083,0.157400328,0.279138827,0.153297683,1116,1141,1297,1915,845,2313,0.368195315,0.631804685,0.359279778,0.640720222,0.574521652,0.425478348,16653,18295,33068,6743,15968,25920,7000,0.283120099,0.325629385,0.268262485,0.122988031,0.174491941,0.256131745,0.31850035,0.250875964,35.93%
28023,"Clarke County, Mississippi",Clarke County,16203,7616,8587,6641,5760,1856,1567,3423,0.529963587,0.470036413,0.535521329,0.464478671,0.542214432,0.457785568,0.106188839,0.11297461,0.109796879,0.11037844,0.101231601,748,1070,1269,4958,2673,5371,0.131090081,0.868909919,0.191114458,0.808885542,0.285866952,0.714133048,27273,33569,38611,12008,22313,27151,9612,0.23823415,0.386231039,0.269739401,0.10579541,0.163928931,0.334059671,0.331042575,0.170968823,19.11%
28025,"Clay County, Mississippi",Clay County,20147,9343,10804,8247,6987,2356,2108,4464,0.5362585,0.4637415,0.541354864,0.458645136,0.527777778,0.472222222,0.163757364,0.144271174,0.153257862,0.120539799,0.154189944,1130,2011,2018,5717,2819,6134,0.165035782,0.834964218,0.247546614,0.752453386,0.416356108,0.583643892,24297,31582,42996,8371,19202,30352,10273,0.214532303,0.341443367,0.263028111,0.180996219,0.2095186,0.304567834,0.289660832,0.196252735,24.75%
28027,"Coahoma County, Mississippi",Coahoma County,24804,11476,13328,9920,7998,3478,2793,6271,0.537332688,0.462667312,0.553633218,0.446366782,0.554616489,0.445383511,0.179548473,0.145990923,0.161452172,0.190943699,0.228917719,1925,3393,3223,5760,3453,6506,0.250487964,0.749512036,0.331277624,0.668722376,0.495617879,0.504382121,21469,23857,31190,7080,19511,27791,9427,0.279352227,0.279352227,0.303793672,0.137501874,0.181988963,0.251144769,0.367382881,0.199483386,33.13%
28029,"Copiah County, Mississippi",Copiah County,28780,13820,14960,11592,10304,3516,2990,6506,0.51980542,0.48019458,0.529411765,0.470588235,0.540424224,0.459575776,0.19272384,0.164793755,0.178227158,0.169794925,0.124151967,1991,2856,2997,7960,3978,8161,0.200080394,0.799919606,0.268596523,0.731403477,0.417910448,0.582089552,22334,30080,40786,10641,18852,26278,7978,0.252994012,0.312989406,0.316098572,0.11791801,0.193833036,0.31746976,0.350783264,0.13791394,26.86%
28031,"Covington County, Mississippi",Covington County,19503,9299,10204,7621,7013,2286,2011,4297,0.523201559,0.476798441,0.520773541,0.479226459,0.531999069,0.468000931,0.173578264,0.145823084,0.158928015,0.100274725,0.16714773,1165,1790,1988,5645,2992,5592,0.171071953,0.828928047,0.262269129,0.737730871,0.374320368,0.625679632,23802,26777,35985,9367,19510,30506,7008,0.222351378,0.415974759,0.246429758,0.115244105,0.190672963,0.350649351,0.2885183,0.170159386,26.23%
28033,"DeSoto County, Mississippi",DeSoto County,170890,82763,88127,65642,59476,23287,19221,42508,0.515694306,0.484305694,0.524640739,0.475359261,0.547826292,0.452173708,0.120392224,0.104643349,0.112258163,0.071987958,0.062612653,4301,5840,6807,54788,39167,58557,0.072788505,0.927211495,0.104139894,0.895860106,0.129757593,0.870242407,34223,41019,49899,11582,29881,37809,11456,0.126716087,0.309502262,0.36318475,0.2005969,0.091789172,0.27552118,0.373064249,0.259625399,10.41%
28035,"Forrest County, Mississippi",Forrest County,76274,36332,39942,31313,27312,9020,8357,17377,0.523664683,0.476335317,0.534123667,0.465876333,0.519076941,0.480923059,0.190500098,0.136293873,0.16200164,0.11273933,0.138101315,5914,6188,7768,20453,11248,21151,0.224295521,0.775704479,0.268612331,0.731387669,0.354897912,0.645102088,20553,23390,35261,8463,17117,31126,6521,0.146079143,0.307950626,0.314167726,0.231802505,0.13145158,0.264855411,0.324643104,0.279049904,26.86%
28037,"Franklin County, Mississippi",Franklin County,7818,3811,4007,3071,2829,982,876,1858,0.512535175,0.487464825,0.520508475,0.479491525,0.528525296,0.471474704,0.174005305,0.146747352,0.160031024,0.095837897,0.10472973,435,421,586,2343,1488,2438,0.156587473,0.843412527,0.193783069,0.806216931,0.220534311,0.779465689,30629,34583,40814,6816,26393,31995,9063,0.186937818,0.419241298,0.264372311,0.129448573,0.131673882,0.343795094,0.323232323,0.201298701,19.38%
28039,"George County, Mississippi",George County,23313,11736,11577,8456,8709,3027,2472,5499,0.496589885,0.503410115,0.492630352,0.507369648,0.550463721,0.449536279,0.188217629,0.146559196,0.167191601,0.083316841,0.093142272,1083,1419,1594,7212,4695,6823,0.130560579,0.869439421,0.189378638,0.810621362,0.232090285,0.767909715,30388,41282,48894,12336,20596,31137,7379,0.225403914,0.405096545,0.233153816,0.136345724,0.16841546,0.395271616,0.310931067,0.125381857,18.94%
28041,"Greene County, Mississippi",Greene County,13941,8190,5751,4261,6819,1371,1166,2537,0.412524209,0.587475791,0.384566787,0.615433213,0.54040205,0.45959795,0.193548387,0.178113473,0.185275843,0.092707525,0.119843924,524,477,913,3038,2363,3290,0.147108366,0.852891634,0.217225791,0.782774209,0.167957746,0.832042254,25059,31903,42372,11185,20146,23971,7244,0.300230187,0.391483065,0.2541927,0.054094048,0.165720186,0.328084667,0.389778007,0.11641714,21.72%
28043,"Grenada County, Mississippi",Grenada County,21518,10281,11237,8810,7584,2697,2155,4852,0.52221396,0.47778604,0.537391729,0.462608271,0.555853256,0.444146744,0.154431647,0.130695015,0.14188583,0.095078031,0.096863287,1209,2112,1769,6097,2923,6998,0.165480427,0.834519573,0.2017794,0.7982206,0.419463754,0.580536246,23188,26908,37188,8762,20622,29567,8606,0.265904647,0.313731388,0.270115807,0.150248158,0.194104135,0.2737366,0.348519653,0.183639612,20.18%
28045,"Hancock County, Mississippi",Hancock County,46028,22404,23624,18378,17315,5089,4384,9473,0.513252803,0.486747197,0.514890875,0.485109125,0.537211021,0.462788979,0.199085489,0.158769883,0.178370603,0.080985605,0.096067695,2677,2327,3486,14545,7925,14843,0.155440715,0.844559285,0.190190409,0.809809591,0.226980101,0.773019899,28389,33226,42295,12438,23867,31186,11212,0.16682851,0.297662977,0.327183272,0.208325241,0.147796651,0.270386266,0.371456205,0.210360878,19.02%
28047,"Harrison County, Mississippi",Harrison County,198570,98115,100455,76749,73485,24630,19217,43847,0.505892129,0.494107871,0.510863054,0.489136946,0.561726002,0.438273998,0.193920017,0.166088215,0.179526628,0.09894728,0.093675712,9713,15395,15430,60398,31902,60056,0.138537462,0.861462538,0.204408765,0.795591235,0.325496332,0.674503668,26082,30766,39445,10832,22338,31287,9232,0.139249639,0.309748276,0.34700978,0.203992304,0.132233487,0.281750267,0.360577493,0.225438753,20.44%
28049,"Hinds County, Mississippi",Hinds County,244596,114238,130358,100065,83307,30931,26390,57321,0.532952297,0.467047703,0.545693999,0.454306001,0.539610265,0.460389735,0.169483847,0.134321442,0.150675877,0.100074749,0.109490587,14516,22395,23445,65544,37316,73224,0.181314014,0.818685986,0.242528629,0.757471371,0.375056522,0.624943478,26039,28897,37076,9448,23431,31682,8929,0.155601898,0.276082267,0.312311233,0.256004602,0.122616638,0.228991102,0.348253378,0.300138882,24.25%
28051,"Holmes County, Mississippi",Holmes County,18547,8830,9717,7282,6250,2580,2184,4764,0.523912223,0.476087777,0.538131836,0.461868164,0.541561713,0.458438287,0.213438284,0.171665802,0.191565676,0.185889175,0.191747573,1841,3091,3114,4074,1915,3844,0.311242604,0.688757396,0.447542397,0.552457603,0.617459049,0.382540951,21431,23528,30158,7309,20413,26049,9534,0.270667727,0.411565978,0.206677266,0.11108903,0.243199218,0.400716729,0.235706141,0.120377912,44.75%
28053,"Humphreys County, Mississippi",Humphreys County,8822,4177,4645,3489,2906,1271,988,2259,0.526524598,0.473475402,0.545582486,0.454417514,0.562638336,0.437361664,0.204274957,0.168687744,0.18546079,0.246806039,0.254616676,1032,1342,1332,1814,1067,2130,0.362614195,0.637385805,0.3847487,0.6152513,0.557077626,0.442922374,18912,25371,31157,11808,15920,25301,10083,0.40876494,0.272111554,0.214741036,0.10438247,0.296839361,0.278266536,0.25676116,0.168132942,38.47%
28055,"Issaquena County, Mississippi",Issaquena County,1352,831,521,409,735,96,59,155,0.38535503,0.61464497,0.357517483,0.642482517,0.619354839,0.380645161,0.172161172,0.101727447,0.137769447,0.096153846,0.119170984,149,138,144,308,63,265,0.326039387,0.673960613,0.35207824,0.64792176,0.686567164,0.313432836,20000,26094,27148,,15750,18500,,0.391495601,0.343108504,0.200879765,0.064516129,0.231182796,0.346774194,0.284946237,0.137096774,35.21%
28057,"Itawamba County, Mississippi",Itawamba County,23511,11643,11868,9396,8864,2779,2352,5131,0.504784994,0.495215006,0.51456736,0.48543264,0.541609823,0.458390177,0.134146341,0.121416382,0.127738167,0.065121413,0.081086957,1311,1418,1815,7079,3755,7065,0.156257449,0.843742551,0.204391892,0.795608108,0.2741156,0.7258844,26859,31097,35522,11250,21586,29989,10053,0.273090232,0.270561618,0.331115252,0.125232899,0.213241617,0.325635671,0.324038816,0.137083896,20.44%
28059,"Jackson County, Mississippi",Jackson County,140850,69209,71641,54884,51705,17504,14239,31743,0.508633298,0.491366702,0.514912421,0.485087579,0.551428661,0.448571339,0.158921022,0.160075912,0.15950995,0.090526316,0.08306646,6035,7055,8728,45077,26892,45763,0.118074033,0.881925967,0.16017324,0.83982676,0.207823961,0.792176039,30744,36981,47298,12314,24626,35606,9931,0.128553199,0.314595617,0.368630643,0.18822054,0.117974083,0.310857213,0.351265176,0.219903528,16.02%
28061,"Jasper County, Mississippi",Jasper County,16538,8038,8500,6564,6138,1900,1633,3533,0.513967832,0.486032168,0.516769013,0.483230987,0.537786584,0.462213416,0.139485248,0.127459065,0.133280661,0.04466075,0.088433194,1005,1295,1341,5107,2527,5212,0.164430628,0.835569372,0.204639097,0.795360903,0.338827839,0.661172161,27307,31422,39116,7872,24928,28011,13694,0.187765663,0.425799298,0.280539641,0.105895398,0.149641271,0.331226512,0.354116843,0.165015374,20.46%
28063,"Jefferson County, Mississippi",Jefferson County,7528,3732,3796,2893,2875,857,720,1577,0.504250797,0.495749203,0.501560333,0.498439667,0.543436906,0.456563094,0.150391802,0.077290837,0.11153466,0.192307692,0.056134723,659,951,1202,1802,809,1660,0.267777326,0.732222674,0.419986024,0.580013976,0.540340909,0.459659091,21227,22308,32390,16764,19398,24387,11638,0.253068134,0.408379179,0.199746085,0.138806602,0.179487179,0.315073815,0.290986791,0.214452214,42.00%
28065,"Jefferson Davis County, Mississippi",Jefferson Davis County,11771,5705,6066,4942,4349,1356,897,2253,0.515334296,0.484665704,0.531912604,0.468087396,0.601864181,0.398135819,0.19717564,0.189324437,0.193138937,0.153409091,0.137198857,1072,1214,1719,3238,1159,3152,0.248723898,0.751276102,0.352904948,0.647095052,0.511588706,0.488411294,20943,28912,40694,10417,17074,22162,10054,0.235231788,0.393377483,0.266225166,0.105165563,0.17390316,0.367356217,0.278245056,0.180495567,35.29%
28067,"Jones County, Mississippi",Jones County,68313,33207,35106,26774,24142,9065,7132,16197,0.513899258,0.486100742,0.525846492,0.474153508,0.559671544,0.440328456,0.126835212,0.127907646,0.127386555,0.073820785,0.075291151,3324,6369,6166,20201,10850,19977,0.141296493,0.858703507,0.235856635,0.764143365,0.369882107,0.630117893,26546,31351,36910,13851,21454,30010,8207,0.214634609,0.307867406,0.312088016,0.165409968,0.17803478,0.279334797,0.335767348,0.206863076,23.59%
28069,"Kemper County, Mississippi",Kemper County,10128,4931,5197,4030,3975,956,1030,1986,0.513131912,0.486868088,0.503435353,0.496564647,0.481369587,0.518630413,0.144322998,0.132798748,0.138182576,0.079599367,0.10591133,664,942,1149,2685,1169,2597,0.19826814,0.80173186,0.306727176,0.693272824,0.446234012,0.553765988,20192,23858,31625,6435,17331,26565,10163,0.25,0.388760139,0.257242178,0.103997683,0.194117647,0.225588235,0.456470588,0.123823529,30.67%
28071,"Lafayette County, Mississippi",Lafayette County,52193,25377,26816,22157,20581,4796,6142,10938,0.513785374,0.486214626,0.518437924,0.481562076,0.438471384,0.561528616,0.126649288,0.08265608,0.10390038,0.069774459,0.077525189,4629,2193,5080,13647,7240,14301,0.253282994,0.746717006,0.262112378,0.737887622,0.232481713,0.767518287,20824,26119,42242,6142,17007,32295,4876,0.112814053,0.217300021,0.276996291,0.392889635,0.0997962,0.200644271,0.297745053,0.401814476,26.21%
28073,"Lamar County, Mississippi",Lamar County,59623,28686,30937,23409,21008,7678,6116,13794,0.518876943,0.481123057,0.52702794,0.47297206,0.55661882,0.44338118,0.145326504,0.136140145,0.140530709,0.067218736,0.102372526,2618,2824,4093,18208,12298,19184,0.125708249,0.874291751,0.175838811,0.824161189,0.186747785,0.813252215,30446,38317,50461,10483,22849,37007,8030,0.080560902,0.266263404,0.253725598,0.399450096,0.077904171,0.22012114,0.362141134,0.339833555,17.58%
28075,"Lauderdale County, Mississippi",Lauderdale County,79233,38430,40803,31516,28640,9790,7878,17668,0.514974821,0.485025179,0.523904515,0.476095485,0.554109124,0.445890876,0.141911333,0.14875665,0.145541385,0.077024648,0.103208462,3534,6730,7277,22643,11958,23775,0.135004011,0.864995989,0.234348834,0.765651166,0.360124144,0.639875856,24856,30132,40207,8166,21130,27312,8560,0.158697864,0.329888098,0.330254323,0.181159715,0.120182958,0.297017936,0.380681409,0.202117698,23.43%
28077,"Lawrence County, Mississippi",Lawrence County,12603,6176,6427,4885,4624,1552,1423,2975,0.509957947,0.490042053,0.513723841,0.486276159,0.521680672,0.478319328,0.15958482,0.164618018,0.162153577,0.111305565,0.088187702,731,975,1030,3893,2097,3855,0.158088235,0.841911765,0.210849539,0.789150461,0.317382813,0.682617188,27335,38364,44692,9883,20527,29047,8911,0.262399218,0.382604447,0.234546787,0.120449548,0.155212177,0.337407749,0.356549815,0.150830258,21.08%
28079,"Leake County, Mississippi",Leake County,23011,11492,11519,8461,8028,3464,2599,6063,0.500586676,0.499413324,0.513129965,0.486870035,0.571334323,0.428665677,0.181500552,0.161281803,0.171171576,0.102344992,0.09493382,1225,2668,2120,6221,3774,6181,0.164517862,0.835482138,0.255390917,0.744609083,0.414157094,0.585842906,24137,30096,34223,10335,19559,25703,10242,0.242193121,0.403511297,0.234134408,0.120161174,0.225206062,0.337144376,0.312948684,0.124700877,25.54%
28081,"Lee County, Mississippi",Lee County,85281,40811,44470,33667,29561,11250,8735,19985,0.52145261,0.47854739,0.532469792,0.467530208,0.562922192,0.437077808,0.135348976,0.113946196,0.124178821,0.067676768,0.071788667,3320,5874,6337,25786,15879,26948,0.114065828,0.885934172,0.19038606,0.80961394,0.27003172,0.72996828,26906,32304,40756,9165,21988,30900,10437,0.179057309,0.269742167,0.313986203,0.237214322,0.155269991,0.265763366,0.353585458,0.225381184,19.04%
28083,"Leflore County, Mississippi",Leflore County,30500,14123,16377,12159,9890,4233,3617,7850,0.53695082,0.46304918,0.551453581,0.448546419,0.539235669,0.460764331,0.180120177,0.14991661,0.163822412,0.120726289,0.140602837,2772,4599,4394,6417,3780,7147,0.301665034,0.698334966,0.380729573,0.619270427,0.54887218,0.45112782,26094,30651,38738,6318,21427,29952,7596,0.22901884,0.323709322,0.271103499,0.176168339,0.222286822,0.348643411,0.232170543,0.196899225,38.07%
28085,"Lincoln County, Mississippi",Lincoln County,34691,16606,18085,13801,12284,4322,3509,7831,0.521316768,0.478683232,0.529078014,0.470921986,0.551909079,0.448090921,0.131009174,0.131853271,0.131448515,0.093078759,0.065611913,2207,3161,3319,9871,5393,10163,0.182728929,0.817271071,0.246180092,0.753819908,0.369534721,0.630465279,26553,33821,45459,9965,21448,28013,10369,0.15890462,0.387015648,0.326099106,0.127980626,0.125112291,0.364148632,0.345283789,0.165455288,24.62%
28087,"Lowndes County, Mississippi",Lowndes County,59785,28561,31224,24232,21282,7279,5873,13152,0.522271473,0.477728527,0.532407611,0.467592389,0.553451946,0.446548054,0.146351302,0.140613801,0.143313091,0.118368794,0.111226688,3044,4409,5330,17792,9586,18079,0.1460933,0.8539067,0.227690205,0.772309795,0.315041086,0.684958914,26280,34423,44861,10947,19941,30641,8828,0.159238804,0.32181331,0.311696834,0.207251053,0.158052114,0.286249941,0.317100954,0.238596991,22.77%
28089,"Madison County, Mississippi",Madison County,101791,48681,53110,40369,35359,13322,10806,24128,0.521755361,0.478244639,0.533078914,0.466921086,0.552138594,0.447861406,0.090588775,0.071503102,0.080595977,0.044809195,0.065001157,2999,4432,5289,31683,21498,34321,0.086471368,0.913528632,0.133526887,0.866473113,0.170921712,0.829078288,37684,46244,56911,9929,31421,41059,10712,0.103308445,0.16284758,0.257048146,0.476795829,0.090987699,0.163621656,0.306267608,0.439123037,13.35%
28091,"Marion County, Mississippi",Marion County,25810,12554,13256,10207,9423,3131,2520,5651,0.51359938,0.48640062,0.519969435,0.480030565,0.554061228,0.445938772,0.162815646,0.186152538,0.174867313,0.096947935,0.077545096,1823,2416,2601,7223,3661,7294,0.201525536,0.798474464,0.26286003,0.73713997,0.397564588,0.602435412,22070,31147,39981,11890,15647,21393,9823,0.228602515,0.420817215,0.233196325,0.117383946,0.215553122,0.328477547,0.319386637,0.136582694,26.29%
28093,"Marshall County, Mississippi",Marshall County,36196,17809,18387,14289,13854,3955,3586,7541,0.507984308,0.492015692,0.507728387,0.492271613,0.524466251,0.475533749,0.172556549,0.154866287,0.163310898,0.061670762,0.089393939,1657,2235,2338,10811,5790,11350,0.132900225,0.867099775,0.170806546,0.829193454,0.278504673,0.721495327,30868,36438,42181,10687,24084,35178,9330,0.271633427,0.386764463,0.231663095,0.109939014,0.159915749,0.387961763,0.301441996,0.150680493,17.08%
28095,"Monroe County, Mississippi",Monroe County,36029,17184,18845,14687,12913,4271,3548,7819,0.523050876,0.476949124,0.532137681,0.467862319,0.546233534,0.453766466,0.127549216,0.127744082,0.127651207,0.085341365,0.103345821,1799,2473,3036,10908,5891,11437,0.14157551,0.85842449,0.209769916,0.790230084,0.295671927,0.704328073,26902,32695,41055,11181,21566,28236,9791,0.23722403,0.362125077,0.253056557,0.147594335,0.194753999,0.337047987,0.305435524,0.16276249,20.98%
28097,"Montgomery County, Mississippi",Montgomery County,10353,4916,5437,4256,3705,1211,970,2181,0.525161789,0.474838211,0.534606205,0.465393795,0.555249885,0.444750115,0.084446271,0.103242639,0.094302746,0.095324557,0.070308548,542,1217,1154,3116,1149,3031,0.148168398,0.851831602,0.275746714,0.724253286,0.514370245,0.485629755,26085,33495,37875,8643,18830,30723,7279,0.26779661,0.320801233,0.241294299,0.170107858,0.235934183,0.348460722,0.220806794,0.194798301,27.57%
28099,"Neshoba County, Mississippi",Neshoba County,29474,14131,15343,11243,9889,4242,3402,7644,0.520560494,0.479439506,0.532036722,0.467963278,0.554945055,0.445054945,0.173242468,0.137983471,0.154894203,0.091251448,0.074777627,1479,2523,2461,8219,5676,8589,0.152505671,0.847494329,0.222714932,0.777285068,0.307720454,0.692279546,24730,30250,40833,11185,20564,27483,8083,0.24375072,0.366547633,0.262757747,0.1269439,0.1882778,0.30168607,0.35186672,0.15816941,22.27%
28101,"Newton County, Mississippi",Newton County,21652,10184,11468,8623,7529,2655,2613,5268,0.529650841,0.470349159,0.533865775,0.466134225,0.503986333,0.496013667,0.135948361,0.12457293,0.129904585,0.092283745,0.091010733,1232,1798,1865,5954,3694,6428,0.171444475,0.828555525,0.22488846,0.77511154,0.327385288,0.672614712,26056,30803,38090,10824,23183,30693,10258,0.168962787,0.345368171,0.348535234,0.137133808,0.160847548,0.258662047,0.404984009,0.175506397,22.49%
28103,"Noxubee County, Mississippi",Noxubee County,11098,5256,5842,4373,3879,1377,1237,2614,0.526401153,0.473598847,0.529932138,0.470067862,0.526778883,0.473221117,0.196750196,0.126899171,0.159633028,0.124333197,0.174878837,910,1144,1456,2821,1647,2867,0.243902439,0.756097561,0.336803146,0.663196854,0.409888929,0.590111071,20803,23244,40223,7663,19357,28440,6637,0.351133652,0.362768496,0.187350835,0.098747017,0.275166071,0.283597343,0.256259581,0.184977006,33.68%
28105,"Oktibbeha County, Mississippi",Oktibbeha County,49424,24879,24545,20268,20466,4413,5668,10081,0.496621075,0.503378925,0.497569598,0.502430402,0.437754191,0.562245809,0.125289176,0.098876312,0.112151439,0.117015123,0.101157429,5291,2970,6082,12709,5619,11331,0.293944444,0.706055556,0.349279274,0.650720726,0.345791128,0.654208872,16806,18672,46561,6247,13998,31645,4523,0.169015266,0.193423922,0.228149639,0.409411173,0.098560099,0.216601217,0.255486255,0.429352429,34.93%
28107,"Panola County, Mississippi",Panola County,34319,16579,17740,13408,12020,4559,3459,8018,0.516914829,0.483085171,0.527292748,0.472707252,0.56859566,0.43140434,0.178569254,0.135955247,0.156467968,0.113381859,0.071438577,1992,2891,2747,9910,5931,10618,0.167366829,0.832633171,0.20553685,0.79446315,0.327703469,0.672296531,27831,35746,40772,8708,25086,29653,11226,0.237245876,0.364883007,0.249041043,0.148830073,0.172982575,0.368550161,0.296311961,0.162155304,20.55%
28109,"Pearl River County, Mississippi",Pearl River County,55167,27310,27857,21741,20606,6704,5516,12220,0.504957674,0.495042326,0.513401185,0.486598815,0.548608838,0.451391162,0.165864039,0.151857659,0.158778175,0.122044778,0.102309913,2954,3660,4272,16959,9083,16637,0.148345302,0.851654698,0.204313932,0.795686068,0.287216511,0.712783489,28162,36800,46326,9567,21543,31406,9078,0.183115074,0.323376985,0.368514907,0.124993034,0.145579228,0.284562634,0.412081872,0.157776266,20.43%
28111,"Perry County, Mississippi",Perry County,12174,5925,6249,4865,4438,1487,1136,2623,0.513307048,0.486692952,0.522949586,0.477050414,0.56690812,0.43309188,0.206271186,0.157189015,0.181141439,0.105962933,0.100790514,601,715,1059,3814,2141,3747,0.13612684,0.86387316,0.220349563,0.779650437,0.25035014,0.74964986,23332,30879,38354,14559,16609,26646,5843,0.22086514,0.443002545,0.263104326,0.07302799,0.167010309,0.33768614,0.389919817,0.105383734,22.03%
28113,"Pike County, Mississippi",Pike County,39939,18925,21014,15734,13544,5381,4399,9780,0.526152382,0.473847618,0.537400096,0.462599904,0.550204499,0.449795501,0.161714748,0.148809237,0.154894483,0.101521545,0.086916743,2799,4580,4911,10205,5860,10439,0.215241464,0.784758536,0.319934853,0.680065147,0.438697318,0.561302682,24377,28947,36425,8234,20231,27836,9061,0.224663909,0.359789728,0.288262668,0.127283695,0.191891502,0.304934353,0.321382196,0.181791949,31.99%
28115,"Pontotoc County, Mississippi",Pontotoc County,30862,15393,15469,11498,11076,4317,3426,7743,0.501231288,0.498768712,0.509347036,0.490652964,0.557535839,0.442464161,0.214066479,0.154479514,0.184282728,0.074193984,0.066221319,1500,1953,2064,9551,6200,9300,0.135734323,0.864265677,0.181626188,0.818373812,0.239543726,0.760456274,25990,30592,36486,9466,21627,27403,8951,0.265457543,0.364076669,0.249587799,0.120877988,0.20129108,0.309076682,0.317194836,0.172437402,18.16%
28117,"Prentiss County, Mississippi",Prentiss County,25339,12355,12984,10165,9317,3038,2572,5610,0.512411697,0.487588303,0.521763679,0.478236321,0.541532977,0.458467023,0.160412912,0.152911865,0.156566866,0.08778626,0.0933897,1514,1912,2059,7327,3851,7542,0.171247596,0.828752404,0.214456827,0.785543173,0.331771647,0.668228353,21811,26399,36537,11510,18228,26603,7928,0.282583914,0.312349588,0.29639012,0.108676377,0.195124704,0.322085543,0.353458978,0.129330775,21.45%
28119,"Quitman County, Mississippi",Quitman County,7634,3670,3964,3062,2663,1007,718,1725,0.51925596,0.48074404,0.534847162,0.465152838,0.583768116,0.416231884,0.234794908,0.210579858,0.222043659,0.26298269,0.258945999,620,1066,1113,1908,790,1917,0.245253165,0.754746835,0.367326733,0.632673267,0.574353448,0.425646552,21373,26659,37107,10553,16767,23424,10000,0.359982899,0.322359983,0.220179564,0.097477555,0.292936803,0.30260223,0.247583643,0.156877323,36.73%
28121,"Rankin County, Mississippi",Rankin County,147930,71428,76502,58912,52931,18497,14435,32932,0.517150003,0.482849997,0.526738374,0.473261626,0.561672537,0.438327463,0.118045434,0.092759968,0.104822171,0.047188781,0.053548459,3438,3829,6301,46216,31619,50642,0.069239135,0.930760865,0.110654514,0.889345486,0.108017378,0.891982622,35082,40491,49360,11164,30953,39423,10137,0.123044883,0.286127168,0.312096226,0.278731724,0.080202054,0.262445308,0.346421798,0.31093084,11.07%
28123,"Scott County, Mississippi",Scott County,28268,13707,14561,10819,9910,3797,2971,6768,0.51510542,0.48489458,0.521925804,0.478074196,0.561022459,0.438977541,0.200192137,0.168671367,0.183905993,0.125941873,0.113788487,1762,3048,2602,8019,4370,8132,0.180145179,0.819854821,0.242407304,0.757592696,0.410892424,0.589107576,21063,25753,34156,6746,17385,24865,6896,0.266837269,0.397115273,0.219844132,0.116203327,0.276715763,0.302726418,0.301159511,0.119398308,24.24%
28125,"Sharkey County, Mississippi",Sharkey County,4662,2148,2514,1950,1542,606,511,1117,0.539253539,0.460746461,0.558419244,0.441580756,0.54252462,0.45747538,0.267764706,0.163248564,0.211921981,0.282258065,0.192100539,397,462,576,1122,703,1303,0.261356155,0.738643845,0.306546035,0.693453965,0.396566524,0.603433476,21802,25000,37713,11114,21074,26250,10000,0.26993865,0.371932515,0.236196319,0.121932515,0.240846682,0.21624714,0.302631579,0.2402746,30.65%
28127,"Simpson County, Mississippi",Simpson County,27279,13309,13970,10669,9726,3583,2743,6326,0.512115547,0.487884453,0.523118411,0.476881589,0.566392665,0.433607335,0.171935534,0.152065036,0.161675973,0.050385688,0.169227955,1925,2569,2805,7579,4051,7735,0.202546296,0.797453704,0.266129032,0.733870968,0.388066465,0.611933535,26855,31473,38893,11857,21673,28022,8950,0.201736885,0.387395846,0.296678794,0.114188476,0.190695243,0.371772086,0.298170413,0.139362258,26.61%
28129,"Smith County, Mississippi",Smith County,16137,7733,8404,6416,5809,1924,1640,3564,0.520790729,0.479209271,0.524826176,0.475173824,0.539842873,0.460157127,0.106943543,0.129298981,0.118566978,0.033731188,0.045884413,732,1538,1370,5049,2370,4987,0.126621692,0.873378308,0.215510461,0.784489539,0.393551689,0.606448311,25555,33967,37495,10906,20749,24146,6750,0.204835856,0.452132888,0.247100452,0.095930804,0.170512595,0.409899595,0.279020609,0.140567201,21.55%
28131,"Stone County, Mississippi",Stone County,17995,9197,8798,6933,6990,2207,1782,3989,0.488913587,0.511086413,0.497953027,0.502046973,0.553271497,0.446728503,0.183773887,0.13498495,0.159521206,0.09055021,0.076529237,1253,1042,1218,5313,2973,5545,0.190831557,0.809168443,0.18009759,0.81990241,0.259526775,0.740473225,23830,29878,38442,7314,21367,27010,11309,0.189931741,0.415870307,0.290955631,0.103242321,0.154443343,0.304757185,0.365047902,0.175751569,18.01%
28133,"Sunflower County, Mississippi",Sunflower County,27424,14350,13074,9843,11132,3218,2776,5994,0.476735706,0.523264294,0.469272944,0.530727056,0.536870204,0.463129796,0.221551884,0.169871052,0.193340358,0.201962709,0.191743119,1804,3154,3151,5673,3206,6456,0.241273238,0.758726762,0.327990007,0.672009993,0.49591195,0.50408805,21695,24713,31985,8578,20203,27346,7224,0.312817259,0.346763959,0.252961083,0.087457699,0.231428571,0.24,0.326428571,0.202142857,32.80%
28135,"Tallahatchie County, Mississippi",Tallahatchie County,14776,8726,6050,4363,7358,1368,1262,2630,0.409447753,0.590552247,0.372237864,0.627762136,0.520152091,0.479847909,0.156616237,0.107273941,0.128941705,0.127356088,0.142337426,502,1397,1103,2823,1622,3204,0.150977444,0.849022556,0.25609473,0.74390527,0.462736005,0.537263995,25374,28254,38107,8564,20190,25995,8631,0.390155269,0.341261976,0.195573175,0.07300958,0.234298332,0.318204122,0.334396467,0.113101079,25.61%
28137,"Tate County, Mississippi",Tate County,28338,13846,14492,11187,10241,3605,3212,6817,0.511398123,0.488601877,0.522073922,0.477926078,0.528824996,0.471175004,0.173020095,0.124101849,0.147859783,0.076351897,0.088760331,1186,1284,1688,8163,5288,8827,0.126858488,0.873141512,0.160532573,0.839467427,0.195374315,0.804625685,27187,35570,45240,8693,23791,30852,10869,0.233657858,0.295433472,0.332869726,0.138038943,0.172762322,0.273731374,0.370532458,0.182973846,16.05%
28139,"Tippah County, Mississippi",Tippah County,22061,10819,11242,8548,8038,2781,2302,5083,0.509587054,0.490412946,0.515374412,0.484625588,0.547117844,0.452882156,0.123377827,0.1217547,0.122552145,0.104758322,0.107932961,1505,1806,1792,6424,3575,6573,0.18980956,0.81019044,0.214225941,0.785774059,0.335625348,0.664374652,27479,31903,36826,8701,21848,30573,8568,0.256192396,0.336981567,0.290322581,0.116503456,0.202729561,0.342387704,0.29998675,0.154895985,21.42%
28141,"Tishomingo County, Mississippi",Tishomingo County,19503,9461,10042,7913,7254,2207,1836,4043,0.514895144,0.485104856,0.521724797,0.478275203,0.545881771,0.454118229,0.142274678,0.136597159,0.139346392,0.08443327,0.118631553,980,1161,1440,6144,3153,6337,0.137563167,0.862436833,0.185161373,0.814838627,0.269123783,0.730876217,24426,28036,34488,11715,19614,26961,7963,0.250772559,0.38566131,0.250154512,0.113411619,0.182223461,0.412928392,0.300362218,0.104485929,18.52%
28143,"Tunica County, Mississippi",Tunica County,10407,4809,5598,3977,3322,1487,1181,2668,0.537907178,0.462092822,0.54486916,0.45513084,0.557346327,0.442653673,0.170880742,0.148275239,0.158708548,0.06228223,0.153910498,587,1186,1152,2672,1922,2764,0.1801166,0.8198834,0.294177732,0.705822268,0.381595882,0.618404118,25725,26461,30893,10732,23558,30879,8343,0.182922472,0.364773133,0.275098249,0.177206145,0.248210707,0.261093616,0.290867449,0.199828228,29.42%
28145,"Union County, Mississippi",Union County,27989,13672,14317,10772,10118,3554,2827,6381,0.511522384,0.488477616,0.515653423,0.484346577,0.556965993,0.443034007,0.166061773,0.132794944,0.148985256,0.086427267,0.094749652,1202,1985,2090,8748,5039,8605,0.12080402,0.87919598,0.19541842,0.80458158,0.282602506,0.717397494,26076,29789,34923,8740,21948,30510,10634,0.267581861,0.35816361,0.23562507,0.138629459,0.207797594,0.279759436,0.341974285,0.170468685,19.54%
28147,"Walthall County, Mississippi",Walthall County,14812,7253,7559,5884,5294,1959,1452,3411,0.510329463,0.489670537,0.526391125,0.473608875,0.574318382,0.425681618,0.17000278,0.214514836,0.192695557,0.085225505,0.084437713,1087,1129,1508,4148,2225,4299,0.207640879,0.792359121,0.259686585,0.740313415,0.336612999,0.663387001,22442,27003,33720,12983,17750,25913,8918,0.258283959,0.438665789,0.231073074,0.071977178,0.200037958,0.42721579,0.253368761,0.119377491,25.97%
28149,"Warren County, Mississippi",Warren County,47834,22725,25109,19061,16770,5955,5011,10966,0.524919513,0.475080487,0.531969524,0.468030476,0.54304213,0.45695787,0.159349449,0.123026871,0.140271302,0.085674025,0.057891176,2748,4359,4145,13825,7599,14706,0.165811863,0.834188137,0.219882234,0.780117766,0.36452584,0.63547416,27681,34349,41926,11977,23902,31451,10185,0.147276807,0.339498198,0.284830353,0.228394642,0.121555725,0.305328712,0.330004113,0.243111451,21.99%
28151,"Washington County, Mississippi",Washington County,48824,22920,25904,19547,16277,6643,5086,11729,0.530558742,0.469441258,0.545639795,0.454360205,0.566373945,0.433626055,0.208355344,0.197242883,0.202458932,0.220924667,0.174336364,4007,6534,6290,12085,6272,13045,0.249005717,0.750994283,0.325316783,0.674683217,0.51022958,0.48977042,24361,30410,37136,10558,20539,28439,9606,0.245055024,0.318636266,0.280155362,0.156153348,0.219466868,0.289912306,0.281955979,0.208664847,32.53%
28153,"Wayne County, Mississippi",Wayne County,20517,9871,10646,8042,7274,2597,2109,4706,0.518886777,0.481113223,0.52507182,0.47492818,0.551848704,0.448151296,0.167838581,0.113367974,0.139572507,0.091138081,0.105879422,1574,1673,1897,5659,3316,6090,0.217613715,0.782386285,0.237510955,0.762489045,0.335337743,0.664662257,25435,36155,39302,20518,19035,25913,9506,0.24703125,0.42046875,0.24796875,0.08453125,0.241996365,0.336641968,0.278065147,0.143296519,23.75%
28155,"Webster County, Mississippi",Webster County,9922,4872,5050,3928,3607,1265,919,2184,0.508969966,0.491030034,0.521300597,0.478699403,0.579212454,0.420787546,0.163451566,0.095532509,0.128825623,0.111473881,0.0882643,539,754,817,3018,1633,3075,0.15153219,0.84846781,0.20991778,0.79008222,0.315877671,0.684122329,28143,32624,40755,8962,20215,34710,7861,0.160447761,0.406094527,0.277052239,0.156405473,0.136818687,0.309510567,0.342880979,0.210789766,20.99%
28157,"Wilkinson County, Mississippi",Wilkinson County,9233,4888,4345,3324,3880,1008,823,1831,0.470594606,0.529405394,0.461410328,0.538589672,0.550518842,0.449481158,0.199743261,0.135569532,0.166096727,0.119883041,0.077792553,797,1042,1074,2090,973,2198,0.27606512,0.72393488,0.328239609,0.671760391,0.517121588,0.482878412,26194,33182,46913,10056,23157,26750,6591,0.401749271,0.383090379,0.151020408,0.064139942,0.194642252,0.402170227,0.195659546,0.207527976,32.82%
28159,"Winston County, Mississippi",Winston County,18519,9046,9473,7366,6760,2286,1707,3993,0.5115287,0.4884713,0.521449809,0.478550191,0.572501878,0.427498122,0.120851162,0.132037391,0.126681801,0.083693046,0.146740498,1031,1955,2127,5398,2388,5192,0.160367087,0.839632913,0.290613472,0.709386528,0.450149666,0.549850334,24193,29673,39580,12008,18171,30902,7836,0.229981839,0.350008255,0.275053657,0.144956249,0.210328779,0.318720913,0.273232247,0.19771806,29.06%
28161,"Yalobusha County, Mississippi",Yalobusha County,12380,5937,6443,5008,4490,1447,1129,2576,0.520436187,0.479563813,0.527268899,0.472731101,0.561723602,0.438276398,0.170437149,0.095931613,0.131846507,0.051963048,0.052612215,687,732,1211,3760,2102,3696,0.15448617,0.84551383,0.2467903,0.7532097,0.258292167,0.741707833,26120,30658,33967,8219,21817,26332,10461,0.236728473,0.3997968,0.203200406,0.160274321,0.198576829,0.343340004,0.343117634,0.114965533,24.68%
28163,"Yazoo County, Mississippi",Yazoo County,27719,15297,12422,9183,11805,3492,2613,6105,0.448140265,0.551859735,0.437535735,0.562464265,0.571990172,0.428009828,0.204445213,0.132696391,0.167541686,0.191870891,0.166094854,2097,3043,3040,6003,3555,5967,0.258888889,0.741111111,0.337515266,0.662484734,0.461200364,0.538799636,21462,21481,32120,5560,21432,33359,10269,0.249332825,0.404022112,0.249904689,0.096740374,0.213516524,0.359450427,0.257210051,0.169822998,33.75%
