Id2,Geography,Total_Median_Earnings,Male_Median_Earnings,Male_FT_Median_Earnings,Male_Other_Median_Earnings,Female_Median_Earnings,Female_FT_Median_Earnings,Female_Other_Median_Earnings,Female_Unemployment_Rate,Male_Unemployment_Rate,IBP_Men,IBP_Children,IBP_Women,IAP_Men,IAP_Children,IAP_Women,Percent_IBP_Men,Percent_IAP_Men,Percent_IBP_Women,Percent_IAP_Women,Percent_IBP_Children,Percent_IAP_Children,Total_Population,Male,Female,Women,Men,Boys,Girls,Children,Percent_Female,Percent_Male,Percent_Women,Percent_Men,Percent_Boys,Percent_Girls,Total_Pop_Education,Male_Pop_Education,Male_Less_than_high_school_diploma,Male_High_school_graduate_(includes_equivalency),Male_Some_college_or_associates_degree,Male_Bachelors_degree_or_higher,Female_Pop_Education,Female_Less_than_high_school_diploma,Female_High_school_graduate_(includes_equivalency),Female_Some_college_or_associates_degree,Female_Bachelors_degree_or_higher,P_Male_Less_than_high_school_diploma,P_Male_High_school_graduate_(includes_equivalency),P_Male_Some_college_or_associates_degree,P_Male_Bachelors_degree_or_higher,P_Female_Less_than_high_school_diploma,P_Female_High_school_graduate_(includes_equivalency),P_Female_Some_college_or_associates_degree,P_Female_Bachelors_degree_or_higher
28001,"Adams County, Mississippi",33222,38571,43060,9043,29293,35833,12244,0.038327526,0.053632043,540,610,820,4079,1804,4363,0.116908422,0.883091578,0.158209531,0.841790469,0.252692626,0.747307374,13522,7058,6464,5264,5818,1240,823,2063,0.478035794,0.521964206,0.475004512,0.524995488,0.601066408,0.398933592,10332,5425,978,1893,1615,939,4907,439,1570,1580,1318,0.180276498,0.348940092,0.297695853,0.173087558,0.089464031,0.31995109,0.321988995,0.268595883
28003,"Alcorn County, Mississippi",26918,30805,38086,7393,22761,31753,10714,0.058427704,0.072416493,1489,1690,2201,10080,5327,10437,0.128706025,0.871293975,0.174157303,0.825842697,0.240843665,0.759156335,31596,15465,16131,12718,11714,3751,2623,6374,0.510539309,0.489460691,0.520546824,0.479453176,0.588484468,0.411515532,22007,10466,1873,3816,3020,1757,11541,2039,3813,3609,2080,0.178960443,0.364609211,0.288553411,0.167876935,0.176674465,0.330387315,0.312711204,0.180227017
28005,"Amite County, Mississippi",25101,31176,40714,11591,20860,26406,4835,0.083519761,0.079545455,406,463,538,2454,930,2457,0.141958042,0.858041958,0.179632721,0.820367279,0.332376167,0.667623833,7312,3731,3581,3029,2885,846,513,1359,0.489742888,0.510257112,0.512174501,0.487825499,0.622516556,0.377483444,5422,2656,556,1120,715,265,2766,457,1005,875,429,0.209337349,0.421686747,0.269201807,0.099774096,0.165220535,0.363340564,0.316341287,0.155097614
28007,"Attala County, Mississippi",29073,37009,48360,11552,19083,31239,5646,0.049076212,0.067994803,286,295,580,3524,1965,3601,0.075065617,0.924934383,0.138722794,0.861277206,0.130530973,0.869469027,10489,5117,5372,4248,3955,1162,837,1999,0.512155592,0.487844408,0.51785932,0.48214068,0.581290645,0.418709355,7478,3563,694,1105,1156,608,3915,343,1308,1472,792,0.19477968,0.310131911,0.324445692,0.170642717,0.08761175,0.334099617,0.375989783,0.202298851
28009,"Benton County, Mississippi",33298,40132,41132,22258,21167,29533,6399,0.111707841,0.138256088,352,107,378,1628,945,1667,0.177777778,0.822222222,0.184841076,0.815158924,0.101711027,0.898288973,5116,2552,2564,2071,1993,559,526,1085,0.501172791,0.498827209,0.509596457,0.490403543,0.515207373,0.484792627,3609,1797,409,717,479,192,1812,402,604,561,245,0.227601558,0.398998331,0.26655537,0.106844741,0.221854305,0.333333333,0.309602649,0.135209713
28011,"Bolivar County, Mississippi",30599,41078,49576,7818,20995,35778,6494,0.019329897,0.041441441,544,424,893,3457,1638,3346,0.135966008,0.864033992,0.210662892,0.789337108,0.205625606,0.794374394,11054,5419,5635,4615,4354,1065,1116,2181,0.509770219,0.490229781,0.514550117,0.485449883,0.488308116,0.511691884,7680,3728,606,892,969,1261,3952,423,976,1100,1453,0.162553648,0.239270386,0.259924893,0.338251073,0.107034413,0.246963563,0.278340081,0.367661943
28013,"Calhoun County, Mississippi",26283,32463,40876,13542,21347,30118,10824,0.10629515,0.051565378,506,566,870,3116,1493,3180,0.139701822,0.860298178,0.214814815,0.785185185,0.274890724,0.725109276,9939,4829,5110,4119,3669,1160,821,1981,0.514136231,0.485863769,0.528890601,0.471109399,0.585562847,0.414437153,7090,3323,876,1093,957,397,3767,710,1272,1241,544,0.263617213,0.328919651,0.287992778,0.119470358,0.188478896,0.337669233,0.329439873,0.144411999
28015,"Carroll County, Mississippi",36545,39448,52926,2500,35298,36578,,0.050743657,0.057537399,108,85,345,2630,1110,2353,0.03944485,0.96055515,0.127872498,0.872127502,0.071129707,0.928870293,6685,3423,3262,2724,2766,657,493,1150,0.487958115,0.512041885,0.496174863,0.503825137,0.571304348,0.428695652,4996,2514,524,750,823,417,2482,182,912,863,525,0.208432776,0.298329356,0.327366746,0.165871122,0.073327961,0.367445608,0.347703465,0.211522965
28017,"Chickasaw County, Mississippi",26291,32102,35847,21593,20573,27259,8003,0.06292517,0.046894282,359,655,796,3205,1441,2857,0.100729517,0.899270483,0.217903093,0.782096907,0.3125,0.6875,9441,4679,4762,3711,3634,1045,864,1909,0.504395721,0.495604279,0.505241661,0.494758339,0.547407019,0.452592981,6546,3177,780,1192,723,482,3369,833,1254,872,410,0.245514636,0.375196726,0.227573182,0.151715455,0.247254378,0.372217275,0.258830514,0.121697833
28019,"Choctaw County, Mississippi",30335,34651,37813,9338,25313,32660,8068,0.109756098,0.09978308,181,248,351,1932,920,1916,0.085660199,0.914339801,0.154830172,0.845169828,0.212328767,0.787671233,5637,2747,2890,2277,2141,606,489,1095,0.512684052,0.487315948,0.51539158,0.48460842,0.553424658,0.446575342,4028,1946,382,771,486,307,2082,222,679,691,490,0.196300103,0.396197328,0.249743063,0.157759507,0.106628242,0.326128722,0.331892411,0.235350624
28021,"Claiborne County, Mississippi",20398,,59659,,16550,28043,2500,0.151162791,0.051282051,44,11,20,351,102,396,0.111392405,0.888607595,0.048076923,0.951923077,0.097345133,0.902654867,1162,513,649,582,467,46,168,214,0.558519793,0.441480207,0.554814109,0.445185891,0.214953271,0.785046729,835,400,95,116,136,53,435,15,114,222,84,0.2375,0.29,0.34,0.1325,0.034482759,0.262068966,0.510344828,0.193103448
28023,"Clarke County, Mississippi",32005,36944,41708,12070,25323,32839,7330,0.093146718,0.081037924,365,434,661,3624,1696,3581,0.091501629,0.908498371,0.155822725,0.844177275,0.203755869,0.796244131,10442,5056,5386,4242,4011,1045,947,1992,0.515801571,0.484198429,0.513994911,0.486005089,0.524598394,0.475401606,7491,3647,662,1455,1006,524,3844,560,1371,1155,758,0.181519057,0.398958048,0.275843159,0.143679737,0.145681582,0.356659729,0.300468262,0.197190427
28025,"Clay County, Mississippi",35847,44210,49684,7076,26592,36721,9877,0.085284281,0.053595969,172,261,385,2943,1257,2953,0.055216693,0.944783307,0.115338526,0.884661474,0.171936759,0.828063241,8153,3870,4283,3400,3164,706,648,1354,0.5253281,0.4746719,0.517976843,0.482023157,0.521418021,0.478581979,6001,2871,328,880,798,865,3130,324,1010,874,922,0.114245907,0.30651341,0.277951933,0.30128875,0.103514377,0.322683706,0.279233227,0.29456869
28027,"Coahoma County, Mississippi",34127,40504,51887,11755,30490,34934,10491,0.069948187,0.082575227,182,122,246,1868,784,2076,0.088780488,0.911219512,0.105943152,0.894056848,0.134657837,0.865342163,5460,2656,2804,2402,2139,517,320,837,0.513553114,0.486446886,0.528958379,0.471041621,0.617682198,0.382317802,4182,1974,357,486,602,529,2208,319,610,746,533,0.180851064,0.246200608,0.304964539,0.267983789,0.144474638,0.276268116,0.337862319,0.241394928
28029,"Copiah County, Mississippi",32291,41516,50919,8571,25554,32546,6493,0.050958011,0.061926606,610,607,751,4332,1947,4575,0.123431809,0.876568191,0.141006384,0.858993616,0.237666406,0.762333594,13159,6412,6747,5508,5076,1336,1153,2489,0.512728931,0.487271069,0.520408163,0.479591837,0.536761752,0.463238248,9535,4567,625,1305,1811,826,4968,704,1597,1776,891,0.136851325,0.285745566,0.396540399,0.180862711,0.141706924,0.321457327,0.357487923,0.179347826
28031,"Covington County, Mississippi",27200,27768,37402,14636,26695,32323,7890,0.137040715,0.019169329,385,576,922,4038,2033,3884,0.087044992,0.912955008,0.191843529,0.808156471,0.220774243,0.779225757,12044,5828,6216,4844,4591,1237,1111,2348,0.516107605,0.483892395,0.513407525,0.486592475,0.526831346,0.473168654,8526,4142,656,1836,1137,513,4384,731,1612,1175,866,0.158377595,0.443264124,0.27450507,0.123853211,0.166742701,0.36770073,0.268020073,0.197536496
28033,"DeSoto County, Mississippi",36552,45257,52090,11823,30401,39873,11520,0.050283332,0.06291449,2675,2890,4203,41359,26145,42586,0.060748513,0.939251487,0.089828806,0.910171194,0.099535044,0.900464956,120860,59318,61542,47013,44237,15081,11793,26874,0.509200728,0.490799272,0.515210959,0.484789041,0.561174369,0.438825631,81557,39239,4429,11974,14488,8348,42318,3635,12110,16031,10542,0.112872397,0.305155585,0.369224496,0.212747522,0.085897254,0.286166643,0.378822251,0.249113852
28035,"Forrest County, Mississippi",23847,29661,41102,9898,20548,34199,6245,0.098913043,0.078399865,3136,1876,3439,13770,7143,14161,0.185496274,0.814503726,0.195397727,0.804602273,0.208005322,0.791994678,45561,22216,23345,18885,17514,4702,5396,10098,0.512389983,0.487610017,0.518832935,0.481167065,0.46563676,0.53436324,29771,14447,1747,3678,4628,4394,15324,1567,4276,4397,5084,0.120924759,0.254585727,0.320343324,0.30414619,0.102257896,0.279039415,0.286935526,0.331767163
28037,"Franklin County, Mississippi",31539,40597,45221,6493,25723,30360,9236,0.104529617,0.061512884,210,200,268,1648,883,1726,0.113024758,0.886975242,0.13440321,0.86559679,0.184672207,0.815327793,4993,2450,2543,2028,1874,576,443,1019,0.509313038,0.490686962,0.51973347,0.48026653,0.565260059,0.434739941,3606,1720,210,752,513,245,1886,173,731,647,335,0.122093023,0.437209302,0.298255814,0.14244186,0.091728526,0.387592789,0.343054083,0.177624602
28039,"George County, Mississippi",31724,43119,49509,14805,20807,31997,7410,0.101732812,0.079574468,738,1203,1326,6742,4233,6332,0.098663102,0.901336898,0.173152259,0.826847741,0.221302428,0.778697572,20833,10410,10423,7693,7670,2740,2150,4890,0.500312005,0.499687995,0.500748552,0.499251448,0.560327198,0.439672802,13522,6725,1412,2696,1715,902,6797,1080,2764,2040,913,0.209962825,0.400892193,0.255018587,0.134126394,0.15889363,0.406649993,0.300132411,0.134323966
28041,"Greene County, Mississippi",26259,37729,48355,13279,20225,23838,6626,0.097463284,0.080638206,399,220,669,2704,2036,2866,0.12858524,0.87141476,0.189250354,0.810749646,0.09751773,0.90248227,10134,5422,4712,3593,4268,1154,815,1969,0.46496941,0.53503059,0.457066531,0.542933469,0.586084307,0.413915693,7026,3808,962,1550,992,304,3218,493,1033,1338,354,0.25262605,0.407037815,0.260504202,0.079831933,0.153200746,0.321006837,0.415786203,0.110006215
28043,"Grenada County, Mississippi",31433,35594,42623,,28710,35458,9138,0.089153046,0.080917874,519,839,613,3821,1699,4286,0.119585253,0.880414747,0.125127577,0.874872423,0.330575256,0.669424744,11918,5765,6153,4935,4434,1331,1158,2489,0.516277899,0.483722101,0.526737112,0.473262888,0.534752913,0.465247087,8483,3983,815,1197,1140,831,4500,491,1307,1672,1030,0.204619633,0.300527241,0.28621642,0.208636706,0.109111111,0.290444444,0.371555556,0.228888889
28045,"Hancock County, Mississippi",28979,34457,43376,11449,23493,31500,11165,0.075796326,0.088529791,2257,1800,3044,13102,6637,13098,0.146949671,0.853050329,0.188576385,0.811423615,0.213345976,0.786654024,40096,19822,20274,16184,15392,4430,3681,8111,0.505636472,0.494363528,0.512541171,0.487458829,0.546171865,0.453828135,28511,13823,2305,3973,4616,2929,14688,2086,3953,5412,3237,0.166751067,0.287419518,0.333936193,0.211893221,0.142020697,0.269131264,0.368464052,0.220383987
28047,"Harrison County, Mississippi",29592,33829,41268,10727,24209,34294,10148,0.073043247,0.082196552,5462,6477,8666,45967,21878,44278,0.106204671,0.893795329,0.163682381,0.836317619,0.228425322,0.771574678,136866,68745,68121,53902,53755,14990,12001,26991,0.497720398,0.502279602,0.500682724,0.499317276,0.555370309,0.444629691,94316,46305,5429,14171,16404,10301,48011,5432,13893,16875,11811,0.117244358,0.306036065,0.354259799,0.222459778,0.113140739,0.289371186,0.351481952,0.246006124
28049,"Hinds County, Mississippi",36561,41344,51051,12051,31392,42311,10322,0.056435975,0.027261747,2452,1265,3299,21977,9079,23958,0.100372508,0.899627492,0.121033129,0.878966871,0.122293117,0.877706883,64420,31001,33419,28097,25524,5477,5370,10847,0.518767464,0.481232536,0.523992466,0.476007534,0.504932239,0.495067761,47674,22654,1983,4324,6484,9863,25020,1218,5569,7691,10542,0.08753421,0.190871369,0.286218769,0.435375651,0.048681055,0.222581934,0.307394085,0.421342926
28051,"Holmes County, Mississippi",26813,30197,42137,,26389,36250,9393,0.099853157,0.1088,226,83,210,910,322,928,0.198943662,0.801056338,0.184534271,0.815465729,0.204938272,0.795061728,2965,1517,1448,1267,1290,227,315,542,0.48836425,0.51163575,0.495502542,0.504497458,0.418819188,0.581180812,2055,1010,91,412,285,222,1045,189,301,316,239,0.09009901,0.407920792,0.282178218,0.21980198,0.180861244,0.288038278,0.302392344,0.228708134
28053,"Humphreys County, Mississippi",30661,41361,49137,14531,22857,31769,11540,0.247685185,0.062906725,150,34,214,609,255,640,0.197628458,0.802371542,0.25058548,0.74941452,0.117647059,0.882352941,1936,945,991,862,776,169,136,305,0.511880165,0.488119835,0.526251526,0.473748474,0.554098361,0.445901639,1499,704,160,162,231,151,795,173,175,269,178,0.227272727,0.230113636,0.328125,0.214488636,0.217610063,0.220125786,0.33836478,0.223899371
28055,"Issaquena County, Mississippi",22143,25991,30333,,14917,35469,,0.008928571,0,49,44,50,150,29,147,0.246231156,0.753768844,0.253807107,0.746192893,0.602739726,0.397260274,530,299,231,197,260,39,8,47,0.435849057,0.564150943,0.43107221,0.56892779,0.829787234,0.170212766,449,253,65,54,90,44,196,20,54,79,43,0.256916996,0.213438735,0.355731225,0.173913043,0.102040816,0.275510204,0.403061224,0.219387755
28057,"Itawamba County, Mississippi",27222,31464,35844,12134,21802,30006,10332,0.084599205,0.064554455,1152,1221,1648,6671,3469,6645,0.147258085,0.852741915,0.198721814,0.801278186,0.260341151,0.739658849,21481,10564,10917,8633,8094,2470,2166,4636,0.508216563,0.491783437,0.516111676,0.483888324,0.532786885,0.467213115,14586,6997,1902,1888,2301,906,7589,1599,2512,2467,1011,0.271830785,0.269829927,0.328855224,0.129484065,0.210699697,0.331005403,0.325075768,0.133219133
28059,"Jackson County, Mississippi",32490,40439,50420,12784,25908,36942,10335,0.07466074,0.064335771,3654,3151,4804,34680,19363,34743,0.095320081,0.904679919,0.121475712,0.878524288,0.13995736,0.86004264,101277,50089,51188,39880,38647,11442,9199,20641,0.505425714,0.494574286,0.507850803,0.492149197,0.554333608,0.445666392,70595,34548,3900,10380,12691,7577,36047,3746,11772,12169,8360,0.112886419,0.300451546,0.367343985,0.21931805,0.103919882,0.32657364,0.337587039,0.231919439
28061,"Jasper County, Mississippi",32485,41725,46984,10670,28125,31780,15455,0.053914328,0.029131653,313,400,458,2708,1051,2627,0.103608077,0.896391923,0.148460292,0.851539708,0.27567195,0.72432805,7576,3750,3826,3090,3030,720,667,1387,0.505015839,0.494984161,0.504901961,0.495098039,0.519105984,0.480894016,5588,2754,482,1141,713,418,2834,326,935,1040,533,0.175018155,0.414306463,0.258896151,0.15177923,0.115031757,0.329922371,0.366972477,0.188073394
28063,"Jefferson County, Mississippi",,51910,51840,,25768,,,0,0,0,0,0,348,172,348,0,1,0,1,0,1,1003,520,483,363,468,52,0,52,0.481555334,0.518444666,0.436823105,0.563176895,1,0,807,444,55,210,109,70,363,7,117,146,93,0.123873874,0.472972973,0.245495495,0.157657658,0.019283747,0.32231405,0.402203857,0.256198347
28065,"Jefferson Davis County, Mississippi",26408,32114,45896,10583,21280,27396,11379,0.069690265,0.134593993,434,176,451,1392,520,1442,0.237677985,0.762322015,0.23824617,0.76175383,0.252873563,0.747126437,4513,2261,2252,1950,1844,417,293,710,0.499002881,0.500997119,0.513969425,0.486030575,0.587323944,0.412676056,3454,1654,242,680,473,259,1800,240,688,513,359,0.146311971,0.411124547,0.285973398,0.156590085,0.133333333,0.382222222,0.285,0.199444444
28067,"Jones County, Mississippi",30769,35803,41715,13130,24770,32197,8653,0.050894544,0.055826648,1655,2938,3160,15577,7811,15175,0.096042247,0.903957753,0.172347968,0.827652032,0.273327751,0.726672249,47162,23331,23831,18738,17530,5801,4185,9986,0.505300878,0.494699122,0.516653799,0.483346201,0.580913279,0.419086721,32553,15671,2854,4798,4847,3172,16882,2685,4917,5436,3844,0.182119839,0.306170634,0.309297428,0.202412099,0.159045137,0.29125696,0.321999763,0.22769814
28069,"Kemper County, Mississippi",31359,35143,44659,6814,27292,43750,6349,0.004518072,0.071646341,76,39,216,1204,530,1196,0.059375,0.940625,0.152974504,0.847025496,0.068541301,0.931458699,3596,1762,1834,1521,1506,256,274,530,0.510011123,0.489988877,0.502477701,0.497522299,0.483018868,0.516981132,2603,1291,315,433,406,137,1312,147,305,668,192,0.243996902,0.335398916,0.314484895,0.106119287,0.112042683,0.232469512,0.509146341,0.146341463
28071,"Lafayette County, Mississippi",21216,26326,47996,5984,17414,37190,4858,0.060358689,0.06205692,3488,897,3157,10085,5189,10548,0.256980771,0.743019229,0.230353885,0.769646115,0.147387447,0.852612553,37679,18604,19075,16114,15459,3145,6489,9634,0.506250166,0.493749834,0.510372787,0.489627213,0.326447997,0.673552003,21381,10559,985,1833,2727,5014,10822,672,1928,3329,4893,0.093285349,0.173595984,0.258263093,0.474855573,0.062095731,0.178155609,0.307614119,0.452134541
28073,"Lamar County, Mississippi",31705,40640,51416,10567,24234,38613,7747,0.081524664,0.060544494,1979,1192,2517,14663,9402,15487,0.118915996,0.881084004,0.139802266,0.860197734,0.112516519,0.887483481,45452,22123,23329,18075,16726,5397,4626,10023,0.513266743,0.486733257,0.519381627,0.480618373,0.538461538,0.461538462,30693,14762,1166,3682,3530,6384,15931,1093,3619,5661,5558,0.078986587,0.249424197,0.23912749,0.432461726,0.068608374,0.227167158,0.355344925,0.348879543
28075,"Lauderdale County, Mississippi",31356,40149,48281,8289,24607,33386,8988,0.073348018,0.058695652,1269,896,2296,14592,7678,15046,0.080007566,0.919992434,0.132395341,0.867604659,0.104501983,0.895498017,43076,21404,21672,17536,16756,4648,3545,8193,0.503110781,0.496889219,0.511372915,0.488627085,0.56731356,0.43268644,30673,14761,1292,4454,5363,3652,15912,1220,5071,5789,3832,0.087527945,0.301741074,0.363322268,0.247408712,0.076671694,0.318690297,0.363813474,0.240824535
28077,"Lawrence County, Mississippi",30329,41025,46676,,21045,31315,8824,0.068852459,0.095168375,368,365,462,2849,1490,2764,0.114392291,0.885607709,0.143211407,0.856788593,0.196765499,0.803234501,8320,4181,4139,3226,3217,964,690,1654,0.497475962,0.502524038,0.500698432,0.499301568,0.582829504,0.417170496,5798,2862,652,1155,721,334,2936,335,1071,1057,473,0.227812718,0.403563941,0.251921733,0.116701607,0.114100817,0.364782016,0.360013624,0.161103542
28079,"Leake County, Mississippi",28857,33104,38428,12302,21045,30593,10567,0.068627451,0.073012624,413,815,757,3802,2010,3800,0.097983393,0.902016607,0.16611806,0.83388194,0.288495575,0.711504425,11898,5849,6049,4660,4376,1473,930,2403,0.508404774,0.491595226,0.515714918,0.484285082,0.61298377,0.38701623,8187,3935,913,1326,1052,644,4252,837,1521,1292,602,0.23202033,0.336975858,0.267344346,0.163659466,0.196848542,0.357714017,0.303857008,0.141580433
28081,"Lee County, Mississippi",31342,36661,44559,9863,25940,34242,10762,0.0606774,0.055825081,1899,1973,2884,19331,11286,20308,0.089448893,0.910551107,0.124353225,0.875646775,0.148804586,0.851195414,58381,28337,30044,23520,21480,6857,4853,11710,0.514619482,0.485380518,0.522666667,0.477333333,0.585567891,0.414432109,40594,19240,3109,4673,6011,5447,21354,2697,5433,7660,5564,0.161590437,0.242879418,0.312422037,0.283108108,0.126299522,0.2544254,0.358714995,0.260560082
28083,"Leflore County, Mississippi",40419,46005,51450,8490,32186,41346,11658,0.020669993,0.027968338,304,273,430,2396,1239,2534,0.112592593,0.887407407,0.145074224,0.854925776,0.180555556,0.819444444,7504,3511,3993,3150,2822,689,522,1211,0.532116205,0.467883795,0.527461487,0.472538513,0.56895128,0.43104872,5499,2577,371,584,811,811,2922,534,1014,683,691,0.143965852,0.226620101,0.314707024,0.314707024,0.18275154,0.347022587,0.233744011,0.236481862
28085,"Lincoln County, Mississippi",31038,40066,50267,11348,23266,30831,10953,0.040702111,0.090156394,1385,1610,1759,7200,3954,7418,0.161327897,0.838672103,0.191674839,0.808325161,0.289360173,0.710639827,23665,11479,12186,9367,8724,2755,2430,5185,0.514937672,0.485062328,0.517771267,0.482228733,0.531340405,0.468659595,16151,7687,1052,2890,2608,1137,8464,902,3226,3052,1284,0.13685443,0.375959412,0.339274099,0.147912059,0.106568998,0.381143667,0.360586011,0.151701323
28087,"Lowndes County, Mississippi",34797,42399,50088,14488,25950,35769,9482,0.065358513,0.056551558,936,1029,1631,11268,5503,11064,0.076696165,0.923303835,0.128475778,0.871524222,0.157532149,0.842467851,32205,15869,16336,13132,12431,3438,2945,6383,0.507250427,0.492749573,0.513711223,0.486288777,0.538618205,0.461381795,22619,10922,965,3056,3794,3107,11697,1164,3428,3781,3324,0.088353781,0.279802234,0.347372276,0.284471708,0.099512696,0.293066598,0.323245277,0.28417543
28089,"Madison County, Mississippi",45201,56169,71479,11348,36020,45043,11706,0.033321517,0.028591641,779,386,1462,20509,12963,21201,0.036593386,0.963406614,0.064510436,0.935489564,0.028916024,0.971083976,57847,28409,29438,23003,21474,6935,5297,12232,0.508894152,0.491105848,0.517188659,0.482811341,0.566955526,0.433044474,40541,19450,723,2045,4666,12016,21091,770,2844,6230,11247,0.037172237,0.105141388,0.239897172,0.617789203,0.036508463,0.134844246,0.295386658,0.533260632
28091,"Marion County, Mississippi",26253,33430,40384,18520,16507,30148,11320,0.084644981,0.078810021,883,939,1179,5241,2743,5482,0.144186806,0.855813194,0.17700045,0.82299955,0.255024443,0.744975557,16991,8253,8738,6880,6329,1924,1310,3234,0.514272262,0.485727738,0.520856991,0.479143009,0.594928881,0.405071119,11929,5682,1300,2259,1403,720,6247,1366,2138,1929,814,0.228792679,0.397571278,0.246920099,0.126715945,0.218664959,0.342244277,0.308788218,0.130302545
28093,"Marshall County, Mississippi",35026,40950,47332,14974,25534,36984,10000,0.057250799,0.044033767,823,681,1031,5951,2721,5987,0.121493947,0.878506053,0.146907951,0.853092049,0.200176367,0.799823633,17811,8965,8846,7149,7232,1733,1358,3091,0.496659368,0.503340632,0.497114248,0.502885752,0.560659981,0.439340019,13057,6581,1484,2322,1847,928,6476,707,2703,1964,1102,0.225497645,0.352833916,0.280656435,0.141012004,0.109172329,0.417387276,0.303273626,0.17016677
28095,"Monroe County, Mississippi",29979,37069,44755,10783,24080,30357,10279,0.069665605,0.060760831,1068,742,1408,7968,4533,8497,0.118193891,0.881806109,0.142150429,0.857849571,0.140663507,0.859336493,24510,11809,12701,10071,9130,2679,2174,4853,0.518196654,0.481803346,0.524503932,0.475496068,0.552029672,0.447970328,17318,8170,1695,2707,2333,1435,9148,1511,3083,2802,1752,0.20746634,0.331334149,0.285556916,0.175642595,0.165172715,0.337013555,0.306296458,0.191517272
28097,"Montgomery County, Mississippi",31454,35683,39760,,24594,34229,6689,0.066079295,0.116654439,262,188,310,1875,933,1895,0.122601778,0.877398222,0.140589569,0.859410431,0.167707404,0.832292596,5558,2732,2826,2260,2159,573,359,932,0.508456279,0.491543721,0.511427925,0.488572075,0.614806867,0.385193133,3948,1882,322,620,492,448,2066,308,735,526,497,0.17109458,0.329436769,0.261424017,0.238044633,0.149080348,0.355759923,0.254598258,0.240561471
28099,"Neshoba County, Mississippi",28650,36007,45748,9679,23254,30362,9405,0.06521181,0.063736769,854,705,1153,5521,3230,5903,0.133960784,0.866039216,0.163407029,0.836592971,0.179161372,0.820838628,17721,8504,9217,7207,6481,2023,1694,3717,0.520117375,0.479882625,0.526519579,0.473480421,0.544256121,0.455743879,12409,5828,1204,2018,1684,922,6581,977,2035,2230,1339,0.206588881,0.346259437,0.288949897,0.158201784,0.148457681,0.309223522,0.338854277,0.203464519
28101,"Newton County, Mississippi",34101,36344,43165,13656,30421,39626,11920,0.09837963,0.046800382,577,512,799,4367,2576,4487,0.11670712,0.88329288,0.151153992,0.848846008,0.165803109,0.834196891,13708,6678,7030,5518,5101,1577,1243,2820,0.512839218,0.487160782,0.519634617,0.480365383,0.559219858,0.440780142,9461,4510,579,1416,1701,814,4951,611,1156,2154,1030,0.128381375,0.313968958,0.377161863,0.180487805,0.123409412,0.233488184,0.435063624,0.20803878
28103,"Noxubee County, Mississippi",22348,21862,39811,11020,25865,32194,13310,0.091680815,0.020809249,157,304,114,1044,541,1080,0.130724396,0.869275604,0.095477387,0.904522613,0.359763314,0.640236686,3345,1548,1797,1232,1268,280,240,520,0.537219731,0.462780269,0.4928,0.5072,0.538461538,0.461538462,2379,1176,372,457,216,131,1203,251,312,400,240,0.316326531,0.388605442,0.183673469,0.111394558,0.208645054,0.259351621,0.332502078,0.199501247
28105,"Oktibbeha County, Mississippi",17345,19087,55044,5415,15537,37114,4242,0.046613896,0.084399606,3479,478,2815,7928,3286,6891,0.304988165,0.695011835,0.290026788,0.709973212,0.126992561,0.873007439,28642,15075,13567,11778,13100,1975,5395,7370,0.473675023,0.526324977,0.47343034,0.52656966,0.26797829,0.73202171,14113,7126,373,1155,1776,3822,6987,328,911,1957,3791,0.052343531,0.162082515,0.249228179,0.536345776,0.046944325,0.130385001,0.280091599,0.542579075
28107,"Panola County, Mississippi",34409,41585,47435,10218,25908,31404,10873,0.075927016,0.100346021,627,707,900,5786,2668,5804,0.097770154,0.902229846,0.13424821,0.86575179,0.209481481,0.790518519,16648,8279,8369,6737,6477,1802,1336,3138,0.502703027,0.497296973,0.509838051,0.490161949,0.574251115,0.425748885,12048,5866,873,1959,1898,1136,6182,838,2152,2098,1094,0.14882373,0.333958404,0.323559495,0.19365837,0.135554837,0.348107409,0.339372371,0.176965383
28109,"Pearl River County, Mississippi",30209,40972,50149,9706,22640,32258,9519,0.087973528,0.117160516,2297,2033,3175,14983,8331,14690,0.132928241,0.867071759,0.177721802,0.822278198,0.196159784,0.803840216,46508,23078,23430,18453,17638,5440,4363,9803,0.503784295,0.496215705,0.511290904,0.488709096,0.554932164,0.445067836,32090,15587,2539,5118,5782,2148,16503,2367,4624,6755,2757,0.162892154,0.328350549,0.370950151,0.137807147,0.143428468,0.28019148,0.409319518,0.167060534
28111,"Perry County, Mississippi",24672,31742,39495,16821,16902,27164,4826,0.090666667,0.117163412,473,405,692,3094,1756,3124,0.132604429,0.867395571,0.181341719,0.818658281,0.187413235,0.812586765,9601,4710,4891,3855,3585,1125,787,1912,0.509426101,0.490573899,0.518145161,0.481854839,0.588389121,0.411610879,6690,3207,752,1459,754,242,3483,563,1235,1348,337,0.23448706,0.454942314,0.235110695,0.075459931,0.161642262,0.354579386,0.387022682,0.09675567
28113,"Pike County, Mississippi",29985,34063,47864,7617,25653,32325,8299,0.048275862,0.05691906,850,522,1402,5581,3232,5723,0.13217229,0.86782771,0.19677193,0.80322807,0.139051678,0.860948322,17907,8631,9276,7397,6604,2027,1426,3453,0.518009717,0.481990283,0.528319406,0.471680594,0.587025775,0.412974225,12641,5883,908,1798,1988,1189,6758,807,2184,2153,1614,0.154343022,0.305626381,0.337922828,0.202107768,0.119414028,0.323172536,0.31858538,0.238828056
28115,"Pontotoc County, Mississippi",26472,31061,37288,10864,22782,29240,9601,0.067738439,0.073505654,1206,1206,1543,7885,4937,7840,0.132658673,0.867341327,0.164446339,0.835553661,0.196321016,0.803678984,24863,12260,12603,9477,9108,3152,2502,5654,0.5068978,0.4931022,0.509927361,0.490072639,0.557481429,0.442518571,16506,8046,1991,3059,2009,987,8460,1419,2840,2832,1369,0.24745215,0.380188914,0.249689287,0.12266965,0.167730496,0.3356974,0.334751773,0.161820331
28117,"Prentiss County, Mississippi",23724,27649,38254,12063,19858,28886,7979,0.079107505,0.057792208,1061,1211,1362,6556,3519,6754,0.139293685,0.860706315,0.167816658,0.832183342,0.25602537,0.74397463,21263,10399,10864,8584,7887,2512,2083,4595,0.510934487,0.489065513,0.5211584,0.4788416,0.546681175,0.453318825,14497,6901,1943,2196,1948,814,7596,1498,2489,2537,1072,0.281553398,0.318214751,0.282277931,0.11795392,0.197209057,0.327672459,0.333991575,0.141126909
28119,"Quitman County, Mississippi",29676,32188,46167,10673,27353,41042,,0.205729167,0.085057471,85,212,218,716,166,657,0.106117353,0.893882647,0.249142857,0.750857143,0.560846561,0.439153439,2174,1095,1079,907,873,222,196,418,0.496320147,0.503679853,0.509550562,0.490449438,0.531100478,0.468899522,1658,838,227,264,229,118,820,212,260,178,170,0.270883055,0.3150358,0.27326969,0.140811456,0.258536585,0.317073171,0.217073171,0.207317073
28121,"Rankin County, Mississippi",37062,42439,51067,12489,31744,41127,10170,0.043715239,0.041256661,2290,2183,4590,37783,24096,39990,0.057145709,0.942854291,0.102960969,0.897039031,0.083070132,0.916929868,114061,55272,58789,45859,41475,13797,10166,23963,0.515417189,0.484582811,0.525099045,0.474900955,0.575762634,0.424237366,79230,37405,3870,10341,11729,11465,41825,2764,11415,14577,13069,0.103462104,0.276460366,0.313567705,0.306509825,0.066084877,0.272922893,0.34852361,0.312468619
28123,"Scott County, Mississippi",24371,31422,37148,9826,20356,27614,6610,0.059520284,0.086956522,752,1298,1182,5198,2753,5048,0.126386555,0.873613445,0.189727127,0.810272873,0.320414712,0.679585288,16393,8092,8301,6311,6020,2072,1342,3414,0.506374672,0.493625328,0.51179953,0.48820047,0.606912712,0.393087288,11014,5315,1067,2206,1212,830,5699,1415,1926,1619,739,0.200752587,0.41505174,0.228033866,0.156161806,0.248289174,0.337954027,0.284084927,0.129671872
28125,"Sharkey County, Mississippi",37583,46728,46927,46250,27868,28750,26875,0,0.011070111,53,57,62,379,145,422,0.122685185,0.877314815,0.128099174,0.871900826,0.282178218,0.717821782,1189,556,633,542,440,116,56,172,0.532380151,0.467619849,0.551934827,0.448065173,0.674418605,0.325581395,947,429,34,136,127,132,518,54,119,107,238,0.079254079,0.317016317,0.296037296,0.307692308,0.104247104,0.22972973,0.206563707,0.459459459
28127,"Simpson County, Mississippi",31727,38426,43025,16347,24482,30850,6892,0.119095143,0.01029447,877,1085,1335,5431,2681,5357,0.139029803,0.860970197,0.199491931,0.800508069,0.288104089,0.711895911,17111,8498,8613,6783,6413,2085,1468,3553,0.503360411,0.496639589,0.5140194,0.4859806,0.586828033,0.413171967,11957,5751,1123,2149,1551,928,6206,847,2478,1841,1040,0.195270388,0.373674144,0.269692227,0.161363241,0.136480825,0.399291009,0.296648405,0.167579762
28129,"Smith County, Mississippi",28068,35433,41875,14199,23199,29441,6808,0.038442336,0.027009646,461,783,864,4044,1921,3953,0.102330744,0.897669256,0.17936475,0.82063525,0.289571006,0.710428994,12078,5887,6191,4850,4520,1367,1065,2432,0.512584865,0.487415135,0.517609392,0.482390608,0.562088816,0.437911184,8465,4053,698,1802,1102,451,4412,622,1806,1286,698,0.17221811,0.444608932,0.27189736,0.111275598,0.140979148,0.409338169,0.291477788,0.158204896
28131,"Stone County, Mississippi",25736,33414,40684,7459,21469,30625,10059,0.093338352,0.059639799,674,714,922,4595,2379,4503,0.127918011,0.872081989,0.169953917,0.830046083,0.230843841,0.769156159,14161,7121,7040,5545,5477,1644,1313,2957,0.497140032,0.502859968,0.50308474,0.49691526,0.555968887,0.444031113,9532,4739,762,1900,1508,569,4793,693,1405,1820,875,0.160793416,0.400928466,0.318210593,0.120067525,0.144585854,0.293135823,0.379720426,0.182557897
28133,"Sunflower County, Mississippi",31705,37500,46357,10375,28229,36541,7447,0.086993971,0.021335169,192,213,325,1938,819,2193,0.090140845,0.909859155,0.129070691,0.870929309,0.206395349,0.793604651,6906,3704,3202,2643,3187,517,570,1087,0.463654793,0.536345207,0.453344768,0.546655232,0.475620975,0.524379025,5148,2836,560,954,917,405,2312,338,727,685,562,0.197461213,0.336389281,0.323342736,0.14280677,0.146193772,0.314446367,0.296280277,0.243079585
28135,"Tallahatchie County, Mississippi",30235,38000,41860,16250,20974,28182,9314,0.074889868,0.110609481,228,34,204,1941,799,1742,0.105117566,0.894882434,0.104830421,0.895169579,0.040816327,0.959183673,5564,3015,2549,1992,2730,285,333,618,0.458123652,0.541876348,0.421855146,0.578144854,0.461165049,0.538834951,4198,2358,556,821,600,381,1840,296,606,676,262,0.235793045,0.348176421,0.254452926,0.161577608,0.160869565,0.329347826,0.367391304,0.142391304
28137,"Tate County, Mississippi",32643,41311,48281,9848,25635,33924,11245,0.066939193,0.049369523,509,528,808,6231,3614,6487,0.075519288,0.924480712,0.110760795,0.889239205,0.12747465,0.87252535,18983,9492,9491,7477,7247,2245,1911,4156,0.499973661,0.500026339,0.507810378,0.492189622,0.540182868,0.459817132,12919,6331,1193,1749,2287,1102,6588,860,1698,2670,1360,0.188437846,0.276259675,0.361238351,0.174064129,0.130540376,0.257741348,0.405282332,0.206435944
28139,"Tippah County, Mississippi",30063,35430,39429,8069,21932,31201,9475,0.098882682,0.06773743,1141,1147,1297,5414,3005,5631,0.174065599,0.825934401,0.187211316,0.812788684,0.276252408,0.723747592,17821,8762,9059,7030,6629,2133,1774,3907,0.508332866,0.491667134,0.514678966,0.485321034,0.545943179,0.454056821,12066,5793,1500,1845,1699,749,6273,1260,2230,1753,1030,0.258933195,0.31848783,0.293284999,0.129293975,0.200860832,0.35549179,0.279451618,0.16419576
28141,"Tishomingo County, Mississippi",25094,29231,35366,11280,20317,27036,8131,0.112471308,0.088222222,938,1045,1350,5851,3029,6103,0.138164678,0.861835322,0.181135113,0.818864887,0.256504664,0.743495336,18502,8952,9550,7549,6858,2094,1605,3699,0.516160415,0.483839585,0.523981398,0.476018602,0.566098946,0.433901054,12954,6122,1532,2344,1533,713,6832,1238,2814,2091,689,0.250245018,0.382881411,0.250408363,0.116465207,0.181206089,0.411885246,0.306059719,0.100848946
28143,"Tunica County, Mississippi",34233,37417,44561,6842,33409,34801,28661,0.133159269,0.060755337,180,69,109,676,263,707,0.210280374,0.789719626,0.133578431,0.866421569,0.207831325,0.792168675,2057,1016,1041,846,879,137,97,234,0.506076811,0.493923189,0.490434783,0.509565217,0.585470085,0.414529915,1571,762,83,217,283,179,809,81,244,183,301,0.108923885,0.284776903,0.371391076,0.234908136,0.100123609,0.301606922,0.226205192,0.372064277
28145,"Union County, Mississippi",27975,30864,36336,7990,23750,31811,11071,0.082832618,0.085154747,962,1196,1723,7404,4283,7232,0.114989242,0.885010758,0.192406477,0.807593523,0.218288009,0.781711991,22993,11214,11779,8993,8449,2765,2045,4810,0.512286348,0.487713652,0.515594542,0.484405458,0.574844075,0.425155925,15587,7482,2018,2497,1777,1190,8105,1537,2303,2827,1438,0.26971398,0.333734296,0.237503341,0.159048383,0.189636027,0.284145589,0.348797039,0.177421345
28147,"Walthall County, Mississippi",25703,28407,32622,18479,22463,30486,9896,0.054660126,0.06527282,398,397,607,2574,970,2595,0.133916555,0.866083445,0.189569019,0.810430981,0.290416971,0.709583029,7864,3863,4001,3254,3004,859,503,1362,0.508774161,0.491225839,0.519974433,0.480025567,0.630690162,0.369309838,5771,2729,574,1229,676,250,3042,457,1477,749,359,0.210333455,0.450348113,0.247709784,0.091608648,0.150230112,0.485535832,0.246219592,0.118014464
28149,"Warren County, Mississippi",36442,42220,52449,14735,30658,37623,9356,0.039658933,0.067348264,825,620,973,8284,4084,8517,0.090569766,0.909430234,0.102528978,0.897471022,0.131802721,0.868197279,23482,11527,11955,9613,9157,2370,1870,4240,0.509113363,0.490886637,0.512147043,0.487852957,0.558962264,0.441037736,17038,8226,785,2334,2560,2547,8812,761,2478,3150,2423,0.095429127,0.2837345,0.311208364,0.309628009,0.08635951,0.281207444,0.35746709,0.274965956
28151,"Washington County, Mississippi",33912,44753,50370,17500,25267,35287,9625,0.106810036,0.082768362,464,647,926,4525,1704,4462,0.09300461,0.90699539,0.1718634,0.8281366,0.275202042,0.724797958,12883,6340,6543,5441,5032,1308,869,2177,0.5078786,0.4921214,0.519526401,0.480473599,0.600826826,0.399173174,9619,4571,773,1238,1341,1219,5048,648,1734,1469,1197,0.169109604,0.270837891,0.293371254,0.266681251,0.12836767,0.343502377,0.291006339,0.237123613
28153,"Wayne County, Mississippi",33412,41614,43692,30438,20224,34240,11566,0.054326923,0.058467023,639,345,508,3924,2265,4276,0.140039448,0.859960552,0.106187291,0.893812709,0.132183908,0.867816092,12099,5967,6132,4822,4588,1379,783,2162,0.506818745,0.493181255,0.512433581,0.487566419,0.637835338,0.362164662,8509,4133,912,1597,1181,443,4376,993,1329,1220,834,0.220662957,0.386402129,0.285748851,0.107186063,0.226919561,0.303702011,0.278793419,0.190585009
28155,"Webster County, Mississippi",30300,34455,41706,9705,22256,35285,10521,0.060327869,0.106738544,305,385,485,2596,1416,2614,0.10513616,0.89486384,0.156502097,0.843497903,0.213770128,0.786229872,7852,3872,3980,3128,2923,949,683,1632,0.506877229,0.493122771,0.516939349,0.483060651,0.581495098,0.418504902,5496,2624,365,1057,735,467,2872,337,872,1050,613,0.13910061,0.402820122,0.280106707,0.177972561,0.117339833,0.30362117,0.365598886,0.213440111
28157,"Wilkinson County, Mississippi",31200,44107,56058,6619,23949,32019,4180,0.101298701,0,113,0,170,938,398,801,0.107516651,0.892483349,0.17507724,0.82492276,0,1,2584,1400,1184,1000,1186,214,256,470,0.458204334,0.541795666,0.457456542,0.542543458,0.455319149,0.544680851,1939,1049,291,437,174,147,890,180,296,175,239,0.277407054,0.416587226,0.165872259,0.14013346,0.202247191,0.33258427,0.196629213,0.268539326
28159,"Winston County, Mississippi",32002,39393,46488,9891,25164,38110,9127,0.062023386,0.041004184,279,352,656,3362,1420,3258,0.0766273,0.9233727,0.167603475,0.832396525,0.198645598,0.801354402,9476,4687,4789,3941,3738,949,776,1725,0.505382018,0.494617982,0.513217867,0.486782133,0.550144928,0.449855072,7081,3449,528,1164,946,811,3632,479,1050,1126,977,0.153087852,0.337489127,0.274282401,0.23514062,0.13188326,0.289096916,0.310022026,0.268997797
28161,"Yalobusha County, Mississippi",27932,31938,40310,8209,23333,29282,12956,0.049819495,0.063532402,407,154,651,2392,1302,2255,0.145409075,0.854590925,0.22401927,0.77598073,0.105769231,0.894230769,7272,3537,3735,2986,2815,722,683,1405,0.513613861,0.486386139,0.514738838,0.485261162,0.513879004,0.486120996,5197,2459,603,790,557,509,2738,543,1047,802,346,0.245221635,0.321268808,0.226514843,0.206994713,0.198319942,0.382395909,0.292914536,0.126369613
28163,"Yazoo County, Mississippi",31361,32102,42385,10288,30366,38286,11826,0.049441786,0.101997897,574,361,709,2715,1630,2963,0.174521131,0.825478869,0.193082789,0.806917211,0.181315922,0.818684078,10499,5737,4762,3778,4678,1059,765,1824,0.453567006,0.546432994,0.446783349,0.553216651,0.580592105,0.419407895,7785,4286,826,1500,1314,646,3499,553,1177,1056,713,0.192720485,0.349976668,0.306579561,0.150723285,0.158045156,0.336381823,0.301800514,0.203772506
